1,./aligned-images/Jennifer_Capriati/Jennifer_Capriati_0017.png
1,./aligned-images/Jennifer_Capriati/Jennifer_Capriati_0019.png
1,./aligned-images/Jennifer_Capriati/Jennifer_Capriati_0008.png
1,./aligned-images/Jennifer_Capriati/Jennifer_Capriati_0003.png
1,./aligned-images/Jennifer_Capriati/Jennifer_Capriati_0005.png
1,./aligned-images/Jennifer_Capriati/Jennifer_Capriati_0002.png
1,./aligned-images/Jennifer_Capriati/Jennifer_Capriati_0018.png
1,./aligned-images/Jennifer_Capriati/Jennifer_Capriati_0013.png
1,./aligned-images/Jennifer_Capriati/Jennifer_Capriati_0011.png
1,./aligned-images/Jennifer_Capriati/Jennifer_Capriati_0015.png
1,./aligned-images/Jennifer_Capriati/Jennifer_Capriati_0009.png
1,./aligned-images/Jennifer_Capriati/Jennifer_Capriati_0016.png
1,./aligned-images/Jennifer_Capriati/Jennifer_Capriati_0014.png
1,./aligned-images/Jennifer_Capriati/Jennifer_Capriati_0004.png
1,./aligned-images/Jennifer_Capriati/Jennifer_Capriati_0001.png
1,./aligned-images/Jennifer_Capriati/Jennifer_Capriati_0007.png
1,./aligned-images/Jennifer_Capriati/Jennifer_Capriati_0020.png
1,./aligned-images/Jennifer_Capriati/Jennifer_Capriati_0012.png
1,./aligned-images/Jennifer_Capriati/Jennifer_Capriati_0010.png
1,./aligned-images/Jennifer_Capriati/Jennifer_Capriati_0006.png
2,./aligned-images/Lindsay_Davenport/Lindsay_Davenport_0006.png
2,./aligned-images/Lindsay_Davenport/Lindsay_Davenport_0010.png
2,./aligned-images/Lindsay_Davenport/Lindsay_Davenport_0013.png
2,./aligned-images/Lindsay_Davenport/Lindsay_Davenport_0019.png
2,./aligned-images/Lindsay_Davenport/Lindsay_Davenport_0018.png
2,./aligned-images/Lindsay_Davenport/Lindsay_Davenport_0001.png
2,./aligned-images/Lindsay_Davenport/Lindsay_Davenport_0004.png
2,./aligned-images/Lindsay_Davenport/Lindsay_Davenport_0012.png
2,./aligned-images/Lindsay_Davenport/Lindsay_Davenport_0009.png
2,./aligned-images/Lindsay_Davenport/Lindsay_Davenport_0015.png
2,./aligned-images/Lindsay_Davenport/Lindsay_Davenport_0005.png
2,./aligned-images/Lindsay_Davenport/Lindsay_Davenport_0011.png
2,./aligned-images/Lindsay_Davenport/Lindsay_Davenport_0020.png
2,./aligned-images/Lindsay_Davenport/Lindsay_Davenport_0016.png
2,./aligned-images/Lindsay_Davenport/Lindsay_Davenport_0017.png
2,./aligned-images/Lindsay_Davenport/Lindsay_Davenport_0008.png
2,./aligned-images/Lindsay_Davenport/Lindsay_Davenport_0002.png
2,./aligned-images/Lindsay_Davenport/Lindsay_Davenport_0007.png
2,./aligned-images/Lindsay_Davenport/Lindsay_Davenport_0014.png
2,./aligned-images/Lindsay_Davenport/Lindsay_Davenport_0003.png
3,./aligned-images/Jacques_Chirac/Jacques_Chirac_0004.png
3,./aligned-images/Jacques_Chirac/Jacques_Chirac_0016.png
3,./aligned-images/Jacques_Chirac/Jacques_Chirac_0013.png
3,./aligned-images/Jacques_Chirac/Jacques_Chirac_0001.png
3,./aligned-images/Jacques_Chirac/Jacques_Chirac_0014.png
3,./aligned-images/Jacques_Chirac/Jacques_Chirac_0018.png
3,./aligned-images/Jacques_Chirac/Jacques_Chirac_0008.png
3,./aligned-images/Jacques_Chirac/Jacques_Chirac_0012.png
3,./aligned-images/Jacques_Chirac/Jacques_Chirac_0011.png
3,./aligned-images/Jacques_Chirac/Jacques_Chirac_0002.png
3,./aligned-images/Jacques_Chirac/Jacques_Chirac_0003.png
3,./aligned-images/Jacques_Chirac/Jacques_Chirac_0015.png
3,./aligned-images/Jacques_Chirac/Jacques_Chirac_0007.png
3,./aligned-images/Jacques_Chirac/Jacques_Chirac_0019.png
3,./aligned-images/Jacques_Chirac/Jacques_Chirac_0009.png
3,./aligned-images/Jacques_Chirac/Jacques_Chirac_0020.png
3,./aligned-images/Jacques_Chirac/Jacques_Chirac_0017.png
3,./aligned-images/Jacques_Chirac/Jacques_Chirac_0005.png
4,./aligned-images/Jennifer_Lopez/Jennifer_Lopez_0001.png
4,./aligned-images/Jennifer_Lopez/Jennifer_Lopez_0007.png
4,./aligned-images/Jennifer_Lopez/Jennifer_Lopez_0006.png
4,./aligned-images/Jennifer_Lopez/Jennifer_Lopez_0012.png
4,./aligned-images/Jennifer_Lopez/Jennifer_Lopez_0002.png
4,./aligned-images/Jennifer_Lopez/Jennifer_Lopez_0020.png
4,./aligned-images/Jennifer_Lopez/Jennifer_Lopez_0013.png
4,./aligned-images/Jennifer_Lopez/Jennifer_Lopez_0015.png
4,./aligned-images/Jennifer_Lopez/Jennifer_Lopez_0011.png
4,./aligned-images/Jennifer_Lopez/Jennifer_Lopez_0005.png
4,./aligned-images/Jennifer_Lopez/Jennifer_Lopez_0009.png
4,./aligned-images/Jennifer_Lopez/Jennifer_Lopez_0014.png
4,./aligned-images/Jennifer_Lopez/Jennifer_Lopez_0016.png
4,./aligned-images/Jennifer_Lopez/Jennifer_Lopez_0017.png
4,./aligned-images/Jennifer_Lopez/Jennifer_Lopez_0004.png
4,./aligned-images/Jennifer_Lopez/Jennifer_Lopez_0003.png
4,./aligned-images/Jennifer_Lopez/Jennifer_Lopez_0008.png
4,./aligned-images/Jennifer_Lopez/Jennifer_Lopez_0018.png
4,./aligned-images/Jennifer_Lopez/Jennifer_Lopez_0019.png
4,./aligned-images/Jennifer_Lopez/Jennifer_Lopez_0010.png
5,./aligned-images/Ricardo_Lagos/Ricardo_Lagos_0013.png
5,./aligned-images/Ricardo_Lagos/Ricardo_Lagos_0003.png
5,./aligned-images/Ricardo_Lagos/Ricardo_Lagos_0009.png
5,./aligned-images/Ricardo_Lagos/Ricardo_Lagos_0011.png
5,./aligned-images/Ricardo_Lagos/Ricardo_Lagos_0016.png
5,./aligned-images/Ricardo_Lagos/Ricardo_Lagos_0015.png
5,./aligned-images/Ricardo_Lagos/Ricardo_Lagos_0014.png
5,./aligned-images/Ricardo_Lagos/Ricardo_Lagos_0018.png
5,./aligned-images/Ricardo_Lagos/Ricardo_Lagos_0006.png
5,./aligned-images/Ricardo_Lagos/Ricardo_Lagos_0017.png
5,./aligned-images/Ricardo_Lagos/Ricardo_Lagos_0010.png
5,./aligned-images/Ricardo_Lagos/Ricardo_Lagos_0020.png
5,./aligned-images/Ricardo_Lagos/Ricardo_Lagos_0019.png
5,./aligned-images/Ricardo_Lagos/Ricardo_Lagos_0002.png
5,./aligned-images/Ricardo_Lagos/Ricardo_Lagos_0005.png
5,./aligned-images/Ricardo_Lagos/Ricardo_Lagos_0001.png
5,./aligned-images/Ricardo_Lagos/Ricardo_Lagos_0007.png
5,./aligned-images/Ricardo_Lagos/Ricardo_Lagos_0012.png
5,./aligned-images/Ricardo_Lagos/Ricardo_Lagos_0008.png
6,./aligned-images/Jack_Straw/Jack_Straw_0002.png
6,./aligned-images/Jack_Straw/Jack_Straw_0010.png
6,./aligned-images/Jack_Straw/Jack_Straw_0009.png
6,./aligned-images/Jack_Straw/Jack_Straw_0004.png
6,./aligned-images/Jack_Straw/Jack_Straw_0001.png
6,./aligned-images/Jack_Straw/Jack_Straw_0014.png
6,./aligned-images/Jack_Straw/Jack_Straw_0013.png
6,./aligned-images/Jack_Straw/Jack_Straw_0018.png
6,./aligned-images/Jack_Straw/Jack_Straw_0005.png
6,./aligned-images/Jack_Straw/Jack_Straw_0020.png
6,./aligned-images/Jack_Straw/Jack_Straw_0017.png
6,./aligned-images/Jack_Straw/Jack_Straw_0015.png
6,./aligned-images/Jack_Straw/Jack_Straw_0012.png
6,./aligned-images/Jack_Straw/Jack_Straw_0016.png
6,./aligned-images/Jack_Straw/Jack_Straw_0003.png
6,./aligned-images/Jack_Straw/Jack_Straw_0019.png
6,./aligned-images/Jack_Straw/Jack_Straw_0007.png
6,./aligned-images/Jack_Straw/Jack_Straw_0008.png
6,./aligned-images/Jack_Straw/Jack_Straw_0006.png
6,./aligned-images/Jack_Straw/Jack_Straw_0011.png
7,./aligned-images/Arnold_Schwarzenegger/Arnold_Schwarzenegger_0001.png
7,./aligned-images/Arnold_Schwarzenegger/Arnold_Schwarzenegger_0008.png
7,./aligned-images/Arnold_Schwarzenegger/Arnold_Schwarzenegger_0005.png
7,./aligned-images/Arnold_Schwarzenegger/Arnold_Schwarzenegger_0019.png
7,./aligned-images/Arnold_Schwarzenegger/Arnold_Schwarzenegger_0002.png
7,./aligned-images/Arnold_Schwarzenegger/Arnold_Schwarzenegger_0020.png
7,./aligned-images/Arnold_Schwarzenegger/Arnold_Schwarzenegger_0017.png
7,./aligned-images/Arnold_Schwarzenegger/Arnold_Schwarzenegger_0015.png
7,./aligned-images/Arnold_Schwarzenegger/Arnold_Schwarzenegger_0010.png
7,./aligned-images/Arnold_Schwarzenegger/Arnold_Schwarzenegger_0007.png
7,./aligned-images/Arnold_Schwarzenegger/Arnold_Schwarzenegger_0006.png
7,./aligned-images/Arnold_Schwarzenegger/Arnold_Schwarzenegger_0012.png
7,./aligned-images/Arnold_Schwarzenegger/Arnold_Schwarzenegger_0009.png
7,./aligned-images/Arnold_Schwarzenegger/Arnold_Schwarzenegger_0018.png
7,./aligned-images/Arnold_Schwarzenegger/Arnold_Schwarzenegger_0014.png
7,./aligned-images/Arnold_Schwarzenegger/Arnold_Schwarzenegger_0013.png
7,./aligned-images/Arnold_Schwarzenegger/Arnold_Schwarzenegger_0016.png
7,./aligned-images/Arnold_Schwarzenegger/Arnold_Schwarzenegger_0011.png
7,./aligned-images/Arnold_Schwarzenegger/Arnold_Schwarzenegger_0004.png
7,./aligned-images/Arnold_Schwarzenegger/Arnold_Schwarzenegger_0003.png
8,./aligned-images/Hugo_Chavez/Hugo_Chavez_0017.png
8,./aligned-images/Hugo_Chavez/Hugo_Chavez_0010.png
8,./aligned-images/Hugo_Chavez/Hugo_Chavez_0007.png
8,./aligned-images/Hugo_Chavez/Hugo_Chavez_0008.png
8,./aligned-images/Hugo_Chavez/Hugo_Chavez_0006.png
8,./aligned-images/Hugo_Chavez/Hugo_Chavez_0004.png
8,./aligned-images/Hugo_Chavez/Hugo_Chavez_0005.png
8,./aligned-images/Hugo_Chavez/Hugo_Chavez_0012.png
8,./aligned-images/Hugo_Chavez/Hugo_Chavez_0011.png
8,./aligned-images/Hugo_Chavez/Hugo_Chavez_0001.png
8,./aligned-images/Hugo_Chavez/Hugo_Chavez_0009.png
8,./aligned-images/Hugo_Chavez/Hugo_Chavez_0019.png
8,./aligned-images/Hugo_Chavez/Hugo_Chavez_0003.png
8,./aligned-images/Hugo_Chavez/Hugo_Chavez_0015.png
8,./aligned-images/Hugo_Chavez/Hugo_Chavez_0018.png
8,./aligned-images/Hugo_Chavez/Hugo_Chavez_0014.png
8,./aligned-images/Hugo_Chavez/Hugo_Chavez_0002.png
8,./aligned-images/Hugo_Chavez/Hugo_Chavez_0016.png
8,./aligned-images/Hugo_Chavez/Hugo_Chavez_0020.png
8,./aligned-images/Hugo_Chavez/Hugo_Chavez_0013.png
9,./aligned-images/Megawati_Sukarnoputri/Megawati_Sukarnoputri_0005.png
9,./aligned-images/Megawati_Sukarnoputri/Megawati_Sukarnoputri_0004.png
9,./aligned-images/Megawati_Sukarnoputri/Megawati_Sukarnoputri_0008.png
9,./aligned-images/Megawati_Sukarnoputri/Megawati_Sukarnoputri_0002.png
9,./aligned-images/Megawati_Sukarnoputri/Megawati_Sukarnoputri_0003.png
9,./aligned-images/Megawati_Sukarnoputri/Megawati_Sukarnoputri_0006.png
9,./aligned-images/Megawati_Sukarnoputri/Megawati_Sukarnoputri_0013.png
9,./aligned-images/Megawati_Sukarnoputri/Megawati_Sukarnoputri_0016.png
9,./aligned-images/Megawati_Sukarnoputri/Megawati_Sukarnoputri_0010.png
9,./aligned-images/Megawati_Sukarnoputri/Megawati_Sukarnoputri_0011.png
9,./aligned-images/Megawati_Sukarnoputri/Megawati_Sukarnoputri_0020.png
9,./aligned-images/Megawati_Sukarnoputri/Megawati_Sukarnoputri_0009.png
9,./aligned-images/Megawati_Sukarnoputri/Megawati_Sukarnoputri_0007.png
9,./aligned-images/Megawati_Sukarnoputri/Megawati_Sukarnoputri_0015.png
9,./aligned-images/Megawati_Sukarnoputri/Megawati_Sukarnoputri_0001.png
9,./aligned-images/Megawati_Sukarnoputri/Megawati_Sukarnoputri_0014.png
9,./aligned-images/Megawati_Sukarnoputri/Megawati_Sukarnoputri_0019.png
9,./aligned-images/Megawati_Sukarnoputri/Megawati_Sukarnoputri_0012.png
9,./aligned-images/Megawati_Sukarnoputri/Megawati_Sukarnoputri_0017.png
9,./aligned-images/Megawati_Sukarnoputri/Megawati_Sukarnoputri_0018.png
10,./aligned-images/Recep_Tayyip_Erdogan/Recep_Tayyip_Erdogan_0004.png
10,./aligned-images/Recep_Tayyip_Erdogan/Recep_Tayyip_Erdogan_0018.png
10,./aligned-images/Recep_Tayyip_Erdogan/Recep_Tayyip_Erdogan_0016.png
10,./aligned-images/Recep_Tayyip_Erdogan/Recep_Tayyip_Erdogan_0009.png
10,./aligned-images/Recep_Tayyip_Erdogan/Recep_Tayyip_Erdogan_0013.png
10,./aligned-images/Recep_Tayyip_Erdogan/Recep_Tayyip_Erdogan_0012.png
10,./aligned-images/Recep_Tayyip_Erdogan/Recep_Tayyip_Erdogan_0020.png
10,./aligned-images/Recep_Tayyip_Erdogan/Recep_Tayyip_Erdogan_0007.png
10,./aligned-images/Recep_Tayyip_Erdogan/Recep_Tayyip_Erdogan_0019.png
10,./aligned-images/Recep_Tayyip_Erdogan/Recep_Tayyip_Erdogan_0001.png
10,./aligned-images/Recep_Tayyip_Erdogan/Recep_Tayyip_Erdogan_0011.png
10,./aligned-images/Recep_Tayyip_Erdogan/Recep_Tayyip_Erdogan_0017.png
10,./aligned-images/Recep_Tayyip_Erdogan/Recep_Tayyip_Erdogan_0014.png
10,./aligned-images/Recep_Tayyip_Erdogan/Recep_Tayyip_Erdogan_0006.png
10,./aligned-images/Recep_Tayyip_Erdogan/Recep_Tayyip_Erdogan_0008.png
10,./aligned-images/Recep_Tayyip_Erdogan/Recep_Tayyip_Erdogan_0003.png
10,./aligned-images/Recep_Tayyip_Erdogan/Recep_Tayyip_Erdogan_0002.png
10,./aligned-images/Recep_Tayyip_Erdogan/Recep_Tayyip_Erdogan_0005.png
10,./aligned-images/Recep_Tayyip_Erdogan/Recep_Tayyip_Erdogan_0015.png
10,./aligned-images/Recep_Tayyip_Erdogan/Recep_Tayyip_Erdogan_0010.png
11,./aligned-images/John_Ashcroft/John_Ashcroft_0001.png
11,./aligned-images/John_Ashcroft/John_Ashcroft_0006.png
11,./aligned-images/John_Ashcroft/John_Ashcroft_0018.png
11,./aligned-images/John_Ashcroft/John_Ashcroft_0002.png
11,./aligned-images/John_Ashcroft/John_Ashcroft_0008.png
11,./aligned-images/John_Ashcroft/John_Ashcroft_0014.png
11,./aligned-images/John_Ashcroft/John_Ashcroft_0013.png
11,./aligned-images/John_Ashcroft/John_Ashcroft_0019.png
11,./aligned-images/John_Ashcroft/John_Ashcroft_0004.png
11,./aligned-images/John_Ashcroft/John_Ashcroft_0020.png
11,./aligned-images/John_Ashcroft/John_Ashcroft_0010.png
11,./aligned-images/John_Ashcroft/John_Ashcroft_0012.png
11,./aligned-images/John_Ashcroft/John_Ashcroft_0005.png
11,./aligned-images/John_Ashcroft/John_Ashcroft_0003.png
11,./aligned-images/John_Ashcroft/John_Ashcroft_0017.png
11,./aligned-images/John_Ashcroft/John_Ashcroft_0007.png
11,./aligned-images/John_Ashcroft/John_Ashcroft_0015.png
11,./aligned-images/John_Ashcroft/John_Ashcroft_0016.png
11,./aligned-images/John_Ashcroft/John_Ashcroft_0009.png
11,./aligned-images/John_Ashcroft/John_Ashcroft_0011.png
12,./aligned-images/Donald_Rumsfeld/Donald_Rumsfeld_0001.png
12,./aligned-images/Donald_Rumsfeld/Donald_Rumsfeld_0014.png
12,./aligned-images/Donald_Rumsfeld/Donald_Rumsfeld_0002.png
12,./aligned-images/Donald_Rumsfeld/Donald_Rumsfeld_0007.png
12,./aligned-images/Donald_Rumsfeld/Donald_Rumsfeld_0009.png
12,./aligned-images/Donald_Rumsfeld/Donald_Rumsfeld_0004.png
12,./aligned-images/Donald_Rumsfeld/Donald_Rumsfeld_0008.png
12,./aligned-images/Donald_Rumsfeld/Donald_Rumsfeld_0006.png
12,./aligned-images/Donald_Rumsfeld/Donald_Rumsfeld_0015.png
12,./aligned-images/Donald_Rumsfeld/Donald_Rumsfeld_0017.png
12,./aligned-images/Donald_Rumsfeld/Donald_Rumsfeld_0016.png
12,./aligned-images/Donald_Rumsfeld/Donald_Rumsfeld_0003.png
12,./aligned-images/Donald_Rumsfeld/Donald_Rumsfeld_0019.png
12,./aligned-images/Donald_Rumsfeld/Donald_Rumsfeld_0013.png
12,./aligned-images/Donald_Rumsfeld/Donald_Rumsfeld_0010.png
12,./aligned-images/Donald_Rumsfeld/Donald_Rumsfeld_0012.png
12,./aligned-images/Donald_Rumsfeld/Donald_Rumsfeld_0011.png
12,./aligned-images/Donald_Rumsfeld/Donald_Rumsfeld_0020.png
12,./aligned-images/Donald_Rumsfeld/Donald_Rumsfeld_0005.png
12,./aligned-images/Donald_Rumsfeld/Donald_Rumsfeld_0018.png
13,./aligned-images/Hamid_Karzai/Hamid_Karzai_0016.png
13,./aligned-images/Hamid_Karzai/Hamid_Karzai_0005.png
13,./aligned-images/Hamid_Karzai/Hamid_Karzai_0006.png
13,./aligned-images/Hamid_Karzai/Hamid_Karzai_0012.png
13,./aligned-images/Hamid_Karzai/Hamid_Karzai_0001.png
13,./aligned-images/Hamid_Karzai/Hamid_Karzai_0017.png
13,./aligned-images/Hamid_Karzai/Hamid_Karzai_0003.png
13,./aligned-images/Hamid_Karzai/Hamid_Karzai_0018.png
13,./aligned-images/Hamid_Karzai/Hamid_Karzai_0019.png
13,./aligned-images/Hamid_Karzai/Hamid_Karzai_0014.png
13,./aligned-images/Hamid_Karzai/Hamid_Karzai_0020.png
13,./aligned-images/Hamid_Karzai/Hamid_Karzai_0004.png
13,./aligned-images/Hamid_Karzai/Hamid_Karzai_0002.png
13,./aligned-images/Hamid_Karzai/Hamid_Karzai_0008.png
13,./aligned-images/Hamid_Karzai/Hamid_Karzai_0009.png
13,./aligned-images/Hamid_Karzai/Hamid_Karzai_0015.png
13,./aligned-images/Hamid_Karzai/Hamid_Karzai_0010.png
13,./aligned-images/Hamid_Karzai/Hamid_Karzai_0011.png
13,./aligned-images/Hamid_Karzai/Hamid_Karzai_0013.png
13,./aligned-images/Hamid_Karzai/Hamid_Karzai_0007.png
14,./aligned-images/Nestor_Kirchner/Nestor_Kirchner_0008.png
14,./aligned-images/Nestor_Kirchner/Nestor_Kirchner_0013.png
14,./aligned-images/Nestor_Kirchner/Nestor_Kirchner_0005.png
14,./aligned-images/Nestor_Kirchner/Nestor_Kirchner_0010.png
14,./aligned-images/Nestor_Kirchner/Nestor_Kirchner_0001.png
14,./aligned-images/Nestor_Kirchner/Nestor_Kirchner_0003.png
14,./aligned-images/Nestor_Kirchner/Nestor_Kirchner_0011.png
14,./aligned-images/Nestor_Kirchner/Nestor_Kirchner_0018.png
14,./aligned-images/Nestor_Kirchner/Nestor_Kirchner_0017.png
14,./aligned-images/Nestor_Kirchner/Nestor_Kirchner_0016.png
14,./aligned-images/Nestor_Kirchner/Nestor_Kirchner_0006.png
14,./aligned-images/Nestor_Kirchner/Nestor_Kirchner_0009.png
14,./aligned-images/Nestor_Kirchner/Nestor_Kirchner_0012.png
14,./aligned-images/Nestor_Kirchner/Nestor_Kirchner_0020.png
14,./aligned-images/Nestor_Kirchner/Nestor_Kirchner_0007.png
14,./aligned-images/Nestor_Kirchner/Nestor_Kirchner_0004.png
14,./aligned-images/Nestor_Kirchner/Nestor_Kirchner_0014.png
14,./aligned-images/Nestor_Kirchner/Nestor_Kirchner_0019.png
14,./aligned-images/Nestor_Kirchner/Nestor_Kirchner_0015.png
14,./aligned-images/Nestor_Kirchner/Nestor_Kirchner_0002.png
15,./aligned-images/John_Negroponte/John_Negroponte_0001.png
15,./aligned-images/John_Negroponte/John_Negroponte_0014.png
15,./aligned-images/John_Negroponte/John_Negroponte_0018.png
15,./aligned-images/John_Negroponte/John_Negroponte_0006.png
15,./aligned-images/John_Negroponte/John_Negroponte_0017.png
15,./aligned-images/John_Negroponte/John_Negroponte_0020.png
15,./aligned-images/John_Negroponte/John_Negroponte_0002.png
15,./aligned-images/John_Negroponte/John_Negroponte_0009.png
15,./aligned-images/John_Negroponte/John_Negroponte_0011.png
15,./aligned-images/John_Negroponte/John_Negroponte_0012.png
15,./aligned-images/John_Negroponte/John_Negroponte_0008.png
15,./aligned-images/John_Negroponte/John_Negroponte_0005.png
15,./aligned-images/John_Negroponte/John_Negroponte_0019.png
15,./aligned-images/John_Negroponte/John_Negroponte_0015.png
15,./aligned-images/John_Negroponte/John_Negroponte_0003.png
15,./aligned-images/John_Negroponte/John_Negroponte_0010.png
15,./aligned-images/John_Negroponte/John_Negroponte_0013.png
15,./aligned-images/John_Negroponte/John_Negroponte_0016.png
15,./aligned-images/John_Negroponte/John_Negroponte_0007.png
15,./aligned-images/John_Negroponte/John_Negroponte_0004.png
16,./aligned-images/Jose_Maria_Aznar/Jose_Maria_Aznar_0001.png
16,./aligned-images/Jose_Maria_Aznar/Jose_Maria_Aznar_0018.png
16,./aligned-images/Jose_Maria_Aznar/Jose_Maria_Aznar_0006.png
16,./aligned-images/Jose_Maria_Aznar/Jose_Maria_Aznar_0017.png
16,./aligned-images/Jose_Maria_Aznar/Jose_Maria_Aznar_0016.png
16,./aligned-images/Jose_Maria_Aznar/Jose_Maria_Aznar_0004.png
16,./aligned-images/Jose_Maria_Aznar/Jose_Maria_Aznar_0002.png
16,./aligned-images/Jose_Maria_Aznar/Jose_Maria_Aznar_0015.png
16,./aligned-images/Jose_Maria_Aznar/Jose_Maria_Aznar_0007.png
16,./aligned-images/Jose_Maria_Aznar/Jose_Maria_Aznar_0020.png
16,./aligned-images/Jose_Maria_Aznar/Jose_Maria_Aznar_0019.png
16,./aligned-images/Jose_Maria_Aznar/Jose_Maria_Aznar_0009.png
16,./aligned-images/Jose_Maria_Aznar/Jose_Maria_Aznar_0010.png
16,./aligned-images/Jose_Maria_Aznar/Jose_Maria_Aznar_0012.png
16,./aligned-images/Jose_Maria_Aznar/Jose_Maria_Aznar_0003.png
16,./aligned-images/Jose_Maria_Aznar/Jose_Maria_Aznar_0013.png
16,./aligned-images/Jose_Maria_Aznar/Jose_Maria_Aznar_0014.png
16,./aligned-images/Jose_Maria_Aznar/Jose_Maria_Aznar_0008.png
16,./aligned-images/Jose_Maria_Aznar/Jose_Maria_Aznar_0011.png
16,./aligned-images/Jose_Maria_Aznar/Jose_Maria_Aznar_0005.png
17,./aligned-images/Paul_Bremer/Paul_Bremer_0005.png
17,./aligned-images/Paul_Bremer/Paul_Bremer_0017.png
17,./aligned-images/Paul_Bremer/Paul_Bremer_0004.png
17,./aligned-images/Paul_Bremer/Paul_Bremer_0018.png
17,./aligned-images/Paul_Bremer/Paul_Bremer_0020.png
17,./aligned-images/Paul_Bremer/Paul_Bremer_0015.png
17,./aligned-images/Paul_Bremer/Paul_Bremer_0011.png
17,./aligned-images/Paul_Bremer/Paul_Bremer_0009.png
17,./aligned-images/Paul_Bremer/Paul_Bremer_0013.png
17,./aligned-images/Paul_Bremer/Paul_Bremer_0007.png
17,./aligned-images/Paul_Bremer/Paul_Bremer_0010.png
17,./aligned-images/Paul_Bremer/Paul_Bremer_0008.png
17,./aligned-images/Paul_Bremer/Paul_Bremer_0012.png
17,./aligned-images/Paul_Bremer/Paul_Bremer_0019.png
17,./aligned-images/Paul_Bremer/Paul_Bremer_0016.png
17,./aligned-images/Paul_Bremer/Paul_Bremer_0003.png
17,./aligned-images/Paul_Bremer/Paul_Bremer_0014.png
17,./aligned-images/Paul_Bremer/Paul_Bremer_0002.png
17,./aligned-images/Paul_Bremer/Paul_Bremer_0001.png
17,./aligned-images/Paul_Bremer/Paul_Bremer_0006.png
18,./aligned-images/Naomi_Watts/Naomi_Watts_0001.png
18,./aligned-images/Naomi_Watts/Naomi_Watts_0014.png
18,./aligned-images/Naomi_Watts/Naomi_Watts_0013.png
18,./aligned-images/Naomi_Watts/Naomi_Watts_0011.png
18,./aligned-images/Naomi_Watts/Naomi_Watts_0016.png
18,./aligned-images/Naomi_Watts/Naomi_Watts_0010.png
18,./aligned-images/Naomi_Watts/Naomi_Watts_0002.png
18,./aligned-images/Naomi_Watts/Naomi_Watts_0017.png
18,./aligned-images/Naomi_Watts/Naomi_Watts_0003.png
18,./aligned-images/Naomi_Watts/Naomi_Watts_0008.png
18,./aligned-images/Naomi_Watts/Naomi_Watts_0019.png
18,./aligned-images/Naomi_Watts/Naomi_Watts_0007.png
18,./aligned-images/Naomi_Watts/Naomi_Watts_0009.png
18,./aligned-images/Naomi_Watts/Naomi_Watts_0005.png
18,./aligned-images/Naomi_Watts/Naomi_Watts_0012.png
18,./aligned-images/Naomi_Watts/Naomi_Watts_0015.png
18,./aligned-images/Naomi_Watts/Naomi_Watts_0018.png
18,./aligned-images/Naomi_Watts/Naomi_Watts_0004.png
18,./aligned-images/Naomi_Watts/Naomi_Watts_0020.png
18,./aligned-images/Naomi_Watts/Naomi_Watts_0006.png
19,./aligned-images/Carlos_Menem/Carlos_Menem_0003.png
19,./aligned-images/Carlos_Menem/Carlos_Menem_0018.png
19,./aligned-images/Carlos_Menem/Carlos_Menem_0017.png
19,./aligned-images/Carlos_Menem/Carlos_Menem_0007.png
19,./aligned-images/Carlos_Menem/Carlos_Menem_0002.png
19,./aligned-images/Carlos_Menem/Carlos_Menem_0009.png
19,./aligned-images/Carlos_Menem/Carlos_Menem_0006.png
19,./aligned-images/Carlos_Menem/Carlos_Menem_0008.png
19,./aligned-images/Carlos_Menem/Carlos_Menem_0004.png
19,./aligned-images/Carlos_Menem/Carlos_Menem_0001.png
19,./aligned-images/Carlos_Menem/Carlos_Menem_0012.png
19,./aligned-images/Carlos_Menem/Carlos_Menem_0014.png
19,./aligned-images/Carlos_Menem/Carlos_Menem_0005.png
19,./aligned-images/Carlos_Menem/Carlos_Menem_0015.png
19,./aligned-images/Carlos_Menem/Carlos_Menem_0013.png
19,./aligned-images/Carlos_Menem/Carlos_Menem_0019.png
19,./aligned-images/Carlos_Menem/Carlos_Menem_0020.png
19,./aligned-images/Carlos_Menem/Carlos_Menem_0010.png
19,./aligned-images/Carlos_Menem/Carlos_Menem_0011.png
19,./aligned-images/Carlos_Menem/Carlos_Menem_0016.png
20,./aligned-images/Bill_Clinton/Bill_Clinton_0015.png
20,./aligned-images/Bill_Clinton/Bill_Clinton_0010.png
20,./aligned-images/Bill_Clinton/Bill_Clinton_0005.png
20,./aligned-images/Bill_Clinton/Bill_Clinton_0001.png
20,./aligned-images/Bill_Clinton/Bill_Clinton_0012.png
20,./aligned-images/Bill_Clinton/Bill_Clinton_0007.png
20,./aligned-images/Bill_Clinton/Bill_Clinton_0008.png
20,./aligned-images/Bill_Clinton/Bill_Clinton_0020.png
20,./aligned-images/Bill_Clinton/Bill_Clinton_0003.png
20,./aligned-images/Bill_Clinton/Bill_Clinton_0004.png
20,./aligned-images/Bill_Clinton/Bill_Clinton_0016.png
20,./aligned-images/Bill_Clinton/Bill_Clinton_0006.png
20,./aligned-images/Bill_Clinton/Bill_Clinton_0011.png
20,./aligned-images/Bill_Clinton/Bill_Clinton_0017.png
20,./aligned-images/Bill_Clinton/Bill_Clinton_0013.png
20,./aligned-images/Bill_Clinton/Bill_Clinton_0009.png
20,./aligned-images/Bill_Clinton/Bill_Clinton_0019.png
20,./aligned-images/Bill_Clinton/Bill_Clinton_0014.png
20,./aligned-images/Bill_Clinton/Bill_Clinton_0018.png
20,./aligned-images/Bill_Clinton/Bill_Clinton_0002.png
21,./aligned-images/Hans_Blix/Hans_Blix_0008.png
21,./aligned-images/Hans_Blix/Hans_Blix_0009.png
21,./aligned-images/Hans_Blix/Hans_Blix_0001.png
21,./aligned-images/Hans_Blix/Hans_Blix_0012.png
21,./aligned-images/Hans_Blix/Hans_Blix_0011.png
21,./aligned-images/Hans_Blix/Hans_Blix_0002.png
21,./aligned-images/Hans_Blix/Hans_Blix_0003.png
21,./aligned-images/Hans_Blix/Hans_Blix_0020.png
21,./aligned-images/Hans_Blix/Hans_Blix_0019.png
21,./aligned-images/Hans_Blix/Hans_Blix_0013.png
21,./aligned-images/Hans_Blix/Hans_Blix_0016.png
21,./aligned-images/Hans_Blix/Hans_Blix_0005.png
21,./aligned-images/Hans_Blix/Hans_Blix_0006.png
21,./aligned-images/Hans_Blix/Hans_Blix_0015.png
21,./aligned-images/Hans_Blix/Hans_Blix_0017.png
21,./aligned-images/Hans_Blix/Hans_Blix_0014.png
21,./aligned-images/Hans_Blix/Hans_Blix_0004.png
21,./aligned-images/Hans_Blix/Hans_Blix_0010.png
21,./aligned-images/Hans_Blix/Hans_Blix_0007.png
21,./aligned-images/Hans_Blix/Hans_Blix_0018.png
22,./aligned-images/Kofi_Annan/Kofi_Annan_0006.png
22,./aligned-images/Kofi_Annan/Kofi_Annan_0007.png
22,./aligned-images/Kofi_Annan/Kofi_Annan_0010.png
22,./aligned-images/Kofi_Annan/Kofi_Annan_0003.png
22,./aligned-images/Kofi_Annan/Kofi_Annan_0004.png
22,./aligned-images/Kofi_Annan/Kofi_Annan_0009.png
22,./aligned-images/Kofi_Annan/Kofi_Annan_0016.png
22,./aligned-images/Kofi_Annan/Kofi_Annan_0017.png
22,./aligned-images/Kofi_Annan/Kofi_Annan_0001.png
22,./aligned-images/Kofi_Annan/Kofi_Annan_0014.png
22,./aligned-images/Kofi_Annan/Kofi_Annan_0011.png
22,./aligned-images/Kofi_Annan/Kofi_Annan_0019.png
22,./aligned-images/Kofi_Annan/Kofi_Annan_0013.png
22,./aligned-images/Kofi_Annan/Kofi_Annan_0015.png
22,./aligned-images/Kofi_Annan/Kofi_Annan_0002.png
22,./aligned-images/Kofi_Annan/Kofi_Annan_0020.png
22,./aligned-images/Kofi_Annan/Kofi_Annan_0008.png
22,./aligned-images/Kofi_Annan/Kofi_Annan_0012.png
22,./aligned-images/Kofi_Annan/Kofi_Annan_0005.png
22,./aligned-images/Kofi_Annan/Kofi_Annan_0018.png
23,./aligned-images/Michael_Bloomberg/Michael_Bloomberg_0019.png
23,./aligned-images/Michael_Bloomberg/Michael_Bloomberg_0015.png
23,./aligned-images/Michael_Bloomberg/Michael_Bloomberg_0003.png
23,./aligned-images/Michael_Bloomberg/Michael_Bloomberg_0002.png
23,./aligned-images/Michael_Bloomberg/Michael_Bloomberg_0001.png
23,./aligned-images/Michael_Bloomberg/Michael_Bloomberg_0011.png
23,./aligned-images/Michael_Bloomberg/Michael_Bloomberg_0018.png
23,./aligned-images/Michael_Bloomberg/Michael_Bloomberg_0014.png
23,./aligned-images/Michael_Bloomberg/Michael_Bloomberg_0005.png
23,./aligned-images/Michael_Bloomberg/Michael_Bloomberg_0006.png
23,./aligned-images/Michael_Bloomberg/Michael_Bloomberg_0007.png
23,./aligned-images/Michael_Bloomberg/Michael_Bloomberg_0009.png
23,./aligned-images/Michael_Bloomberg/Michael_Bloomberg_0012.png
23,./aligned-images/Michael_Bloomberg/Michael_Bloomberg_0004.png
23,./aligned-images/Michael_Bloomberg/Michael_Bloomberg_0016.png
23,./aligned-images/Michael_Bloomberg/Michael_Bloomberg_0008.png
23,./aligned-images/Michael_Bloomberg/Michael_Bloomberg_0017.png
23,./aligned-images/Michael_Bloomberg/Michael_Bloomberg_0013.png
23,./aligned-images/Michael_Bloomberg/Michael_Bloomberg_0020.png
23,./aligned-images/Michael_Bloomberg/Michael_Bloomberg_0010.png
24,./aligned-images/Jeremy_Greenstock/Jeremy_Greenstock_0007.png
24,./aligned-images/Jeremy_Greenstock/Jeremy_Greenstock_0011.png
24,./aligned-images/Jeremy_Greenstock/Jeremy_Greenstock_0003.png
24,./aligned-images/Jeremy_Greenstock/Jeremy_Greenstock_0006.png
24,./aligned-images/Jeremy_Greenstock/Jeremy_Greenstock_0009.png
24,./aligned-images/Jeremy_Greenstock/Jeremy_Greenstock_0020.png
24,./aligned-images/Jeremy_Greenstock/Jeremy_Greenstock_0014.png
24,./aligned-images/Jeremy_Greenstock/Jeremy_Greenstock_0005.png
24,./aligned-images/Jeremy_Greenstock/Jeremy_Greenstock_0015.png
24,./aligned-images/Jeremy_Greenstock/Jeremy_Greenstock_0004.png
24,./aligned-images/Jeremy_Greenstock/Jeremy_Greenstock_0008.png
24,./aligned-images/Jeremy_Greenstock/Jeremy_Greenstock_0013.png
24,./aligned-images/Jeremy_Greenstock/Jeremy_Greenstock_0019.png
24,./aligned-images/Jeremy_Greenstock/Jeremy_Greenstock_0018.png
24,./aligned-images/Jeremy_Greenstock/Jeremy_Greenstock_0016.png
24,./aligned-images/Jeremy_Greenstock/Jeremy_Greenstock_0010.png
24,./aligned-images/Jeremy_Greenstock/Jeremy_Greenstock_0002.png
24,./aligned-images/Jeremy_Greenstock/Jeremy_Greenstock_0012.png
24,./aligned-images/Jeremy_Greenstock/Jeremy_Greenstock_0017.png
24,./aligned-images/Jeremy_Greenstock/Jeremy_Greenstock_0001.png
25,./aligned-images/Junichiro_Koizumi/Junichiro_Koizumi_0006.png
25,./aligned-images/Junichiro_Koizumi/Junichiro_Koizumi_0010.png
25,./aligned-images/Junichiro_Koizumi/Junichiro_Koizumi_0004.png
25,./aligned-images/Junichiro_Koizumi/Junichiro_Koizumi_0015.png
25,./aligned-images/Junichiro_Koizumi/Junichiro_Koizumi_0018.png
25,./aligned-images/Junichiro_Koizumi/Junichiro_Koizumi_0008.png
25,./aligned-images/Junichiro_Koizumi/Junichiro_Koizumi_0013.png
25,./aligned-images/Junichiro_Koizumi/Junichiro_Koizumi_0009.png
25,./aligned-images/Junichiro_Koizumi/Junichiro_Koizumi_0011.png
25,./aligned-images/Junichiro_Koizumi/Junichiro_Koizumi_0016.png
25,./aligned-images/Junichiro_Koizumi/Junichiro_Koizumi_0005.png
25,./aligned-images/Junichiro_Koizumi/Junichiro_Koizumi_0007.png
25,./aligned-images/Junichiro_Koizumi/Junichiro_Koizumi_0019.png
25,./aligned-images/Junichiro_Koizumi/Junichiro_Koizumi_0003.png
25,./aligned-images/Junichiro_Koizumi/Junichiro_Koizumi_0020.png
25,./aligned-images/Junichiro_Koizumi/Junichiro_Koizumi_0012.png
25,./aligned-images/Junichiro_Koizumi/Junichiro_Koizumi_0001.png
25,./aligned-images/Junichiro_Koizumi/Junichiro_Koizumi_0014.png
25,./aligned-images/Junichiro_Koizumi/Junichiro_Koizumi_0002.png
25,./aligned-images/Junichiro_Koizumi/Junichiro_Koizumi_0017.png
26,./aligned-images/Jiang_Zemin/Jiang_Zemin_0005.png
26,./aligned-images/Jiang_Zemin/Jiang_Zemin_0015.png
26,./aligned-images/Jiang_Zemin/Jiang_Zemin_0006.png
26,./aligned-images/Jiang_Zemin/Jiang_Zemin_0004.png
26,./aligned-images/Jiang_Zemin/Jiang_Zemin_0009.png
26,./aligned-images/Jiang_Zemin/Jiang_Zemin_0018.png
26,./aligned-images/Jiang_Zemin/Jiang_Zemin_0001.png
26,./aligned-images/Jiang_Zemin/Jiang_Zemin_0010.png
26,./aligned-images/Jiang_Zemin/Jiang_Zemin_0007.png
26,./aligned-images/Jiang_Zemin/Jiang_Zemin_0002.png
26,./aligned-images/Jiang_Zemin/Jiang_Zemin_0013.png
26,./aligned-images/Jiang_Zemin/Jiang_Zemin_0008.png
26,./aligned-images/Jiang_Zemin/Jiang_Zemin_0014.png
26,./aligned-images/Jiang_Zemin/Jiang_Zemin_0012.png
26,./aligned-images/Jiang_Zemin/Jiang_Zemin_0017.png
26,./aligned-images/Jiang_Zemin/Jiang_Zemin_0019.png
26,./aligned-images/Jiang_Zemin/Jiang_Zemin_0011.png
26,./aligned-images/Jiang_Zemin/Jiang_Zemin_0016.png
26,./aligned-images/Jiang_Zemin/Jiang_Zemin_0020.png
26,./aligned-images/Jiang_Zemin/Jiang_Zemin_0003.png
27,./aligned-images/Alejandro_Toledo/Alejandro_Toledo_0015.png
27,./aligned-images/Alejandro_Toledo/Alejandro_Toledo_0006.png
27,./aligned-images/Alejandro_Toledo/Alejandro_Toledo_0017.png
27,./aligned-images/Alejandro_Toledo/Alejandro_Toledo_0005.png
27,./aligned-images/Alejandro_Toledo/Alejandro_Toledo_0012.png
27,./aligned-images/Alejandro_Toledo/Alejandro_Toledo_0020.png
27,./aligned-images/Alejandro_Toledo/Alejandro_Toledo_0013.png
27,./aligned-images/Alejandro_Toledo/Alejandro_Toledo_0014.png
27,./aligned-images/Alejandro_Toledo/Alejandro_Toledo_0007.png
27,./aligned-images/Alejandro_Toledo/Alejandro_Toledo_0002.png
27,./aligned-images/Alejandro_Toledo/Alejandro_Toledo_0008.png
27,./aligned-images/Alejandro_Toledo/Alejandro_Toledo_0010.png
27,./aligned-images/Alejandro_Toledo/Alejandro_Toledo_0016.png
27,./aligned-images/Alejandro_Toledo/Alejandro_Toledo_0001.png
27,./aligned-images/Alejandro_Toledo/Alejandro_Toledo_0018.png
27,./aligned-images/Alejandro_Toledo/Alejandro_Toledo_0011.png
27,./aligned-images/Alejandro_Toledo/Alejandro_Toledo_0019.png
27,./aligned-images/Alejandro_Toledo/Alejandro_Toledo_0004.png
27,./aligned-images/Alejandro_Toledo/Alejandro_Toledo_0009.png
27,./aligned-images/Alejandro_Toledo/Alejandro_Toledo_0003.png
28,./aligned-images/David_Beckham/David_Beckham_0019.png
28,./aligned-images/David_Beckham/David_Beckham_0011.png
28,./aligned-images/David_Beckham/David_Beckham_0007.png
28,./aligned-images/David_Beckham/David_Beckham_0016.png
28,./aligned-images/David_Beckham/David_Beckham_0013.png
28,./aligned-images/David_Beckham/David_Beckham_0018.png
28,./aligned-images/David_Beckham/David_Beckham_0010.png
28,./aligned-images/David_Beckham/David_Beckham_0006.png
28,./aligned-images/David_Beckham/David_Beckham_0017.png
28,./aligned-images/David_Beckham/David_Beckham_0002.png
28,./aligned-images/David_Beckham/David_Beckham_0008.png
28,./aligned-images/David_Beckham/David_Beckham_0003.png
28,./aligned-images/David_Beckham/David_Beckham_0001.png
28,./aligned-images/David_Beckham/David_Beckham_0012.png
28,./aligned-images/David_Beckham/David_Beckham_0004.png
28,./aligned-images/David_Beckham/David_Beckham_0020.png
28,./aligned-images/David_Beckham/David_Beckham_0015.png
28,./aligned-images/David_Beckham/David_Beckham_0005.png
28,./aligned-images/David_Beckham/David_Beckham_0014.png
28,./aligned-images/David_Beckham/David_Beckham_0009.png
29,./aligned-images/Mahmoud_Abbas/Mahmoud_Abbas_0008.png
29,./aligned-images/Mahmoud_Abbas/Mahmoud_Abbas_0010.png
29,./aligned-images/Mahmoud_Abbas/Mahmoud_Abbas_0015.png
29,./aligned-images/Mahmoud_Abbas/Mahmoud_Abbas_0014.png
29,./aligned-images/Mahmoud_Abbas/Mahmoud_Abbas_0020.png
29,./aligned-images/Mahmoud_Abbas/Mahmoud_Abbas_0009.png
29,./aligned-images/Mahmoud_Abbas/Mahmoud_Abbas_0012.png
29,./aligned-images/Mahmoud_Abbas/Mahmoud_Abbas_0017.png
29,./aligned-images/Mahmoud_Abbas/Mahmoud_Abbas_0006.png
29,./aligned-images/Mahmoud_Abbas/Mahmoud_Abbas_0005.png
29,./aligned-images/Mahmoud_Abbas/Mahmoud_Abbas_0002.png
29,./aligned-images/Mahmoud_Abbas/Mahmoud_Abbas_0003.png
29,./aligned-images/Mahmoud_Abbas/Mahmoud_Abbas_0016.png
29,./aligned-images/Mahmoud_Abbas/Mahmoud_Abbas_0019.png
29,./aligned-images/Mahmoud_Abbas/Mahmoud_Abbas_0004.png
29,./aligned-images/Mahmoud_Abbas/Mahmoud_Abbas_0011.png
29,./aligned-images/Mahmoud_Abbas/Mahmoud_Abbas_0007.png
29,./aligned-images/Mahmoud_Abbas/Mahmoud_Abbas_0013.png
29,./aligned-images/Mahmoud_Abbas/Mahmoud_Abbas_0018.png
29,./aligned-images/Mahmoud_Abbas/Mahmoud_Abbas_0001.png
30,./aligned-images/George_W_Bush/George_W_Bush_0019.png
30,./aligned-images/George_W_Bush/George_W_Bush_0015.png
30,./aligned-images/George_W_Bush/George_W_Bush_0016.png
30,./aligned-images/George_W_Bush/George_W_Bush_0012.png
30,./aligned-images/George_W_Bush/George_W_Bush_0004.png
30,./aligned-images/George_W_Bush/George_W_Bush_0010.png
30,./aligned-images/George_W_Bush/George_W_Bush_0002.png
30,./aligned-images/George_W_Bush/George_W_Bush_0011.png
30,./aligned-images/George_W_Bush/George_W_Bush_0003.png
30,./aligned-images/George_W_Bush/George_W_Bush_0001.png
30,./aligned-images/George_W_Bush/George_W_Bush_0014.png
30,./aligned-images/George_W_Bush/George_W_Bush_0009.png
30,./aligned-images/George_W_Bush/George_W_Bush_0020.png
30,./aligned-images/George_W_Bush/George_W_Bush_0006.png
30,./aligned-images/George_W_Bush/George_W_Bush_0018.png
30,./aligned-images/George_W_Bush/George_W_Bush_0017.png
30,./aligned-images/George_W_Bush/George_W_Bush_0013.png
30,./aligned-images/George_W_Bush/George_W_Bush_0005.png
30,./aligned-images/George_W_Bush/George_W_Bush_0007.png
30,./aligned-images/George_W_Bush/George_W_Bush_0008.png
31,./aligned-images/Gloria_Macapagal_Arroyo/Gloria_Macapagal_Arroyo_0002.png
31,./aligned-images/Gloria_Macapagal_Arroyo/Gloria_Macapagal_Arroyo_0006.png
31,./aligned-images/Gloria_Macapagal_Arroyo/Gloria_Macapagal_Arroyo_0001.png
31,./aligned-images/Gloria_Macapagal_Arroyo/Gloria_Macapagal_Arroyo_0010.png
31,./aligned-images/Gloria_Macapagal_Arroyo/Gloria_Macapagal_Arroyo_0009.png
31,./aligned-images/Gloria_Macapagal_Arroyo/Gloria_Macapagal_Arroyo_0008.png
31,./aligned-images/Gloria_Macapagal_Arroyo/Gloria_Macapagal_Arroyo_0004.png
31,./aligned-images/Gloria_Macapagal_Arroyo/Gloria_Macapagal_Arroyo_0013.png
31,./aligned-images/Gloria_Macapagal_Arroyo/Gloria_Macapagal_Arroyo_0015.png
31,./aligned-images/Gloria_Macapagal_Arroyo/Gloria_Macapagal_Arroyo_0007.png
31,./aligned-images/Gloria_Macapagal_Arroyo/Gloria_Macapagal_Arroyo_0018.png
31,./aligned-images/Gloria_Macapagal_Arroyo/Gloria_Macapagal_Arroyo_0017.png
31,./aligned-images/Gloria_Macapagal_Arroyo/Gloria_Macapagal_Arroyo_0016.png
31,./aligned-images/Gloria_Macapagal_Arroyo/Gloria_Macapagal_Arroyo_0014.png
31,./aligned-images/Gloria_Macapagal_Arroyo/Gloria_Macapagal_Arroyo_0003.png
31,./aligned-images/Gloria_Macapagal_Arroyo/Gloria_Macapagal_Arroyo_0012.png
31,./aligned-images/Gloria_Macapagal_Arroyo/Gloria_Macapagal_Arroyo_0020.png
31,./aligned-images/Gloria_Macapagal_Arroyo/Gloria_Macapagal_Arroyo_0011.png
31,./aligned-images/Gloria_Macapagal_Arroyo/Gloria_Macapagal_Arroyo_0005.png
31,./aligned-images/Gloria_Macapagal_Arroyo/Gloria_Macapagal_Arroyo_0019.png
32,./aligned-images/Andre_Agassi/Andre_Agassi_0017.png
32,./aligned-images/Andre_Agassi/Andre_Agassi_0012.png
32,./aligned-images/Andre_Agassi/Andre_Agassi_0020.png
32,./aligned-images/Andre_Agassi/Andre_Agassi_0010.png
32,./aligned-images/Andre_Agassi/Andre_Agassi_0014.png
32,./aligned-images/Andre_Agassi/Andre_Agassi_0018.png
32,./aligned-images/Andre_Agassi/Andre_Agassi_0007.png
32,./aligned-images/Andre_Agassi/Andre_Agassi_0002.png
32,./aligned-images/Andre_Agassi/Andre_Agassi_0019.png
32,./aligned-images/Andre_Agassi/Andre_Agassi_0003.png
32,./aligned-images/Andre_Agassi/Andre_Agassi_0004.png
32,./aligned-images/Andre_Agassi/Andre_Agassi_0013.png
32,./aligned-images/Andre_Agassi/Andre_Agassi_0011.png
32,./aligned-images/Andre_Agassi/Andre_Agassi_0015.png
32,./aligned-images/Andre_Agassi/Andre_Agassi_0006.png
32,./aligned-images/Andre_Agassi/Andre_Agassi_0001.png
32,./aligned-images/Andre_Agassi/Andre_Agassi_0009.png
32,./aligned-images/Andre_Agassi/Andre_Agassi_0016.png
32,./aligned-images/Andre_Agassi/Andre_Agassi_0005.png
32,./aligned-images/Andre_Agassi/Andre_Agassi_0008.png
33,./aligned-images/Igor_Ivanov/Igor_Ivanov_0015.png
33,./aligned-images/Igor_Ivanov/Igor_Ivanov_0002.png
33,./aligned-images/Igor_Ivanov/Igor_Ivanov_0008.png
33,./aligned-images/Igor_Ivanov/Igor_Ivanov_0011.png
33,./aligned-images/Igor_Ivanov/Igor_Ivanov_0012.png
33,./aligned-images/Igor_Ivanov/Igor_Ivanov_0009.png
33,./aligned-images/Igor_Ivanov/Igor_Ivanov_0019.png
33,./aligned-images/Igor_Ivanov/Igor_Ivanov_0006.png
33,./aligned-images/Igor_Ivanov/Igor_Ivanov_0016.png
33,./aligned-images/Igor_Ivanov/Igor_Ivanov_0020.png
33,./aligned-images/Igor_Ivanov/Igor_Ivanov_0005.png
33,./aligned-images/Igor_Ivanov/Igor_Ivanov_0007.png
33,./aligned-images/Igor_Ivanov/Igor_Ivanov_0018.png
33,./aligned-images/Igor_Ivanov/Igor_Ivanov_0010.png
33,./aligned-images/Igor_Ivanov/Igor_Ivanov_0003.png
33,./aligned-images/Igor_Ivanov/Igor_Ivanov_0004.png
33,./aligned-images/Igor_Ivanov/Igor_Ivanov_0013.png
33,./aligned-images/Igor_Ivanov/Igor_Ivanov_0001.png
33,./aligned-images/Igor_Ivanov/Igor_Ivanov_0014.png
33,./aligned-images/Igor_Ivanov/Igor_Ivanov_0017.png
34,./aligned-images/Colin_Powell/Colin_Powell_0004.png
34,./aligned-images/Colin_Powell/Colin_Powell_0011.png
34,./aligned-images/Colin_Powell/Colin_Powell_0016.png
34,./aligned-images/Colin_Powell/Colin_Powell_0005.png
34,./aligned-images/Colin_Powell/Colin_Powell_0001.png
34,./aligned-images/Colin_Powell/Colin_Powell_0018.png
34,./aligned-images/Colin_Powell/Colin_Powell_0013.png
34,./aligned-images/Colin_Powell/Colin_Powell_0002.png
34,./aligned-images/Colin_Powell/Colin_Powell_0010.png
34,./aligned-images/Colin_Powell/Colin_Powell_0020.png
34,./aligned-images/Colin_Powell/Colin_Powell_0007.png
34,./aligned-images/Colin_Powell/Colin_Powell_0014.png
34,./aligned-images/Colin_Powell/Colin_Powell_0012.png
34,./aligned-images/Colin_Powell/Colin_Powell_0008.png
34,./aligned-images/Colin_Powell/Colin_Powell_0015.png
34,./aligned-images/Colin_Powell/Colin_Powell_0017.png
34,./aligned-images/Colin_Powell/Colin_Powell_0003.png
34,./aligned-images/Colin_Powell/Colin_Powell_0019.png
34,./aligned-images/Colin_Powell/Colin_Powell_0006.png
34,./aligned-images/Colin_Powell/Colin_Powell_0009.png
35,./aligned-images/Laura_Bush/Laura_Bush_0020.png
35,./aligned-images/Laura_Bush/Laura_Bush_0015.png
35,./aligned-images/Laura_Bush/Laura_Bush_0014.png
35,./aligned-images/Laura_Bush/Laura_Bush_0004.png
35,./aligned-images/Laura_Bush/Laura_Bush_0018.png
35,./aligned-images/Laura_Bush/Laura_Bush_0013.png
35,./aligned-images/Laura_Bush/Laura_Bush_0016.png
35,./aligned-images/Laura_Bush/Laura_Bush_0012.png
35,./aligned-images/Laura_Bush/Laura_Bush_0001.png
35,./aligned-images/Laura_Bush/Laura_Bush_0006.png
35,./aligned-images/Laura_Bush/Laura_Bush_0005.png
35,./aligned-images/Laura_Bush/Laura_Bush_0002.png
35,./aligned-images/Laura_Bush/Laura_Bush_0008.png
35,./aligned-images/Laura_Bush/Laura_Bush_0010.png
35,./aligned-images/Laura_Bush/Laura_Bush_0009.png
35,./aligned-images/Laura_Bush/Laura_Bush_0019.png
35,./aligned-images/Laura_Bush/Laura_Bush_0017.png
35,./aligned-images/Laura_Bush/Laura_Bush_0003.png
35,./aligned-images/Laura_Bush/Laura_Bush_0007.png
35,./aligned-images/Laura_Bush/Laura_Bush_0011.png
36,./aligned-images/Amelie_Mauresmo/Amelie_Mauresmo_0012.png
36,./aligned-images/Amelie_Mauresmo/Amelie_Mauresmo_0011.png
36,./aligned-images/Amelie_Mauresmo/Amelie_Mauresmo_0004.png
36,./aligned-images/Amelie_Mauresmo/Amelie_Mauresmo_0013.png
36,./aligned-images/Amelie_Mauresmo/Amelie_Mauresmo_0001.png
36,./aligned-images/Amelie_Mauresmo/Amelie_Mauresmo_0005.png
36,./aligned-images/Amelie_Mauresmo/Amelie_Mauresmo_0006.png
36,./aligned-images/Amelie_Mauresmo/Amelie_Mauresmo_0010.png
36,./aligned-images/Amelie_Mauresmo/Amelie_Mauresmo_0019.png
36,./aligned-images/Amelie_Mauresmo/Amelie_Mauresmo_0015.png
36,./aligned-images/Amelie_Mauresmo/Amelie_Mauresmo_0002.png
36,./aligned-images/Amelie_Mauresmo/Amelie_Mauresmo_0017.png
36,./aligned-images/Amelie_Mauresmo/Amelie_Mauresmo_0016.png
36,./aligned-images/Amelie_Mauresmo/Amelie_Mauresmo_0008.png
36,./aligned-images/Amelie_Mauresmo/Amelie_Mauresmo_0009.png
36,./aligned-images/Amelie_Mauresmo/Amelie_Mauresmo_0007.png
36,./aligned-images/Amelie_Mauresmo/Amelie_Mauresmo_0003.png
36,./aligned-images/Amelie_Mauresmo/Amelie_Mauresmo_0020.png
36,./aligned-images/Amelie_Mauresmo/Amelie_Mauresmo_0018.png
36,./aligned-images/Amelie_Mauresmo/Amelie_Mauresmo_0014.png
37,./aligned-images/Atal_Bihari_Vajpayee/Atal_Bihari_Vajpayee_0010.png
37,./aligned-images/Atal_Bihari_Vajpayee/Atal_Bihari_Vajpayee_0014.png
37,./aligned-images/Atal_Bihari_Vajpayee/Atal_Bihari_Vajpayee_0001.png
37,./aligned-images/Atal_Bihari_Vajpayee/Atal_Bihari_Vajpayee_0003.png
37,./aligned-images/Atal_Bihari_Vajpayee/Atal_Bihari_Vajpayee_0008.png
37,./aligned-images/Atal_Bihari_Vajpayee/Atal_Bihari_Vajpayee_0011.png
37,./aligned-images/Atal_Bihari_Vajpayee/Atal_Bihari_Vajpayee_0016.png
37,./aligned-images/Atal_Bihari_Vajpayee/Atal_Bihari_Vajpayee_0002.png
37,./aligned-images/Atal_Bihari_Vajpayee/Atal_Bihari_Vajpayee_0012.png
37,./aligned-images/Atal_Bihari_Vajpayee/Atal_Bihari_Vajpayee_0013.png
37,./aligned-images/Atal_Bihari_Vajpayee/Atal_Bihari_Vajpayee_0017.png
37,./aligned-images/Atal_Bihari_Vajpayee/Atal_Bihari_Vajpayee_0009.png
37,./aligned-images/Atal_Bihari_Vajpayee/Atal_Bihari_Vajpayee_0015.png
37,./aligned-images/Atal_Bihari_Vajpayee/Atal_Bihari_Vajpayee_0019.png
37,./aligned-images/Atal_Bihari_Vajpayee/Atal_Bihari_Vajpayee_0020.png
37,./aligned-images/Atal_Bihari_Vajpayee/Atal_Bihari_Vajpayee_0006.png
37,./aligned-images/Atal_Bihari_Vajpayee/Atal_Bihari_Vajpayee_0004.png
37,./aligned-images/Atal_Bihari_Vajpayee/Atal_Bihari_Vajpayee_0005.png
37,./aligned-images/Atal_Bihari_Vajpayee/Atal_Bihari_Vajpayee_0007.png
37,./aligned-images/Atal_Bihari_Vajpayee/Atal_Bihari_Vajpayee_0018.png
38,./aligned-images/Gerhard_Schroeder/Gerhard_Schroeder_0009.png
38,./aligned-images/Gerhard_Schroeder/Gerhard_Schroeder_0010.png
38,./aligned-images/Gerhard_Schroeder/Gerhard_Schroeder_0008.png
38,./aligned-images/Gerhard_Schroeder/Gerhard_Schroeder_0004.png
38,./aligned-images/Gerhard_Schroeder/Gerhard_Schroeder_0016.png
38,./aligned-images/Gerhard_Schroeder/Gerhard_Schroeder_0014.png
38,./aligned-images/Gerhard_Schroeder/Gerhard_Schroeder_0019.png
38,./aligned-images/Gerhard_Schroeder/Gerhard_Schroeder_0006.png
38,./aligned-images/Gerhard_Schroeder/Gerhard_Schroeder_0002.png
38,./aligned-images/Gerhard_Schroeder/Gerhard_Schroeder_0011.png
38,./aligned-images/Gerhard_Schroeder/Gerhard_Schroeder_0001.png
38,./aligned-images/Gerhard_Schroeder/Gerhard_Schroeder_0007.png
38,./aligned-images/Gerhard_Schroeder/Gerhard_Schroeder_0005.png
38,./aligned-images/Gerhard_Schroeder/Gerhard_Schroeder_0020.png
38,./aligned-images/Gerhard_Schroeder/Gerhard_Schroeder_0012.png
38,./aligned-images/Gerhard_Schroeder/Gerhard_Schroeder_0018.png
38,./aligned-images/Gerhard_Schroeder/Gerhard_Schroeder_0003.png
38,./aligned-images/Gerhard_Schroeder/Gerhard_Schroeder_0013.png
38,./aligned-images/Gerhard_Schroeder/Gerhard_Schroeder_0015.png
38,./aligned-images/Gerhard_Schroeder/Gerhard_Schroeder_0017.png
39,./aligned-images/Jennifer_Aniston/Jennifer_Aniston_0008.png
39,./aligned-images/Jennifer_Aniston/Jennifer_Aniston_0010.png
39,./aligned-images/Jennifer_Aniston/Jennifer_Aniston_0019.png
39,./aligned-images/Jennifer_Aniston/Jennifer_Aniston_0014.png
39,./aligned-images/Jennifer_Aniston/Jennifer_Aniston_0001.png
39,./aligned-images/Jennifer_Aniston/Jennifer_Aniston_0002.png
39,./aligned-images/Jennifer_Aniston/Jennifer_Aniston_0012.png
39,./aligned-images/Jennifer_Aniston/Jennifer_Aniston_0007.png
39,./aligned-images/Jennifer_Aniston/Jennifer_Aniston_0016.png
39,./aligned-images/Jennifer_Aniston/Jennifer_Aniston_0020.png
39,./aligned-images/Jennifer_Aniston/Jennifer_Aniston_0011.png
39,./aligned-images/Jennifer_Aniston/Jennifer_Aniston_0006.png
39,./aligned-images/Jennifer_Aniston/Jennifer_Aniston_0009.png
39,./aligned-images/Jennifer_Aniston/Jennifer_Aniston_0015.png
39,./aligned-images/Jennifer_Aniston/Jennifer_Aniston_0017.png
39,./aligned-images/Jennifer_Aniston/Jennifer_Aniston_0013.png
39,./aligned-images/Jennifer_Aniston/Jennifer_Aniston_0004.png
39,./aligned-images/Jennifer_Aniston/Jennifer_Aniston_0005.png
39,./aligned-images/Jennifer_Aniston/Jennifer_Aniston_0003.png
39,./aligned-images/Jennifer_Aniston/Jennifer_Aniston_0018.png
40,./aligned-images/George_Robertson/George_Robertson_0001.png
40,./aligned-images/George_Robertson/George_Robertson_0012.png
40,./aligned-images/George_Robertson/George_Robertson_0015.png
40,./aligned-images/George_Robertson/George_Robertson_0007.png
40,./aligned-images/George_Robertson/George_Robertson_0019.png
40,./aligned-images/George_Robertson/George_Robertson_0014.png
40,./aligned-images/George_Robertson/George_Robertson_0016.png
40,./aligned-images/George_Robertson/George_Robertson_0010.png
40,./aligned-images/George_Robertson/George_Robertson_0004.png
40,./aligned-images/George_Robertson/George_Robertson_0003.png
40,./aligned-images/George_Robertson/George_Robertson_0011.png
40,./aligned-images/George_Robertson/George_Robertson_0005.png
40,./aligned-images/George_Robertson/George_Robertson_0002.png
40,./aligned-images/George_Robertson/George_Robertson_0020.png
40,./aligned-images/George_Robertson/George_Robertson_0009.png
40,./aligned-images/George_Robertson/George_Robertson_0008.png
40,./aligned-images/George_Robertson/George_Robertson_0013.png
40,./aligned-images/George_Robertson/George_Robertson_0006.png
40,./aligned-images/George_Robertson/George_Robertson_0018.png
40,./aligned-images/George_Robertson/George_Robertson_0017.png
41,./aligned-images/Pete_Sampras/Pete_Sampras_0007.png
41,./aligned-images/Pete_Sampras/Pete_Sampras_0010.png
41,./aligned-images/Pete_Sampras/Pete_Sampras_0012.png
41,./aligned-images/Pete_Sampras/Pete_Sampras_0014.png
41,./aligned-images/Pete_Sampras/Pete_Sampras_0017.png
41,./aligned-images/Pete_Sampras/Pete_Sampras_0002.png
41,./aligned-images/Pete_Sampras/Pete_Sampras_0009.png
41,./aligned-images/Pete_Sampras/Pete_Sampras_0003.png
41,./aligned-images/Pete_Sampras/Pete_Sampras_0006.png
41,./aligned-images/Pete_Sampras/Pete_Sampras_0004.png
41,./aligned-images/Pete_Sampras/Pete_Sampras_0016.png
41,./aligned-images/Pete_Sampras/Pete_Sampras_0001.png
41,./aligned-images/Pete_Sampras/Pete_Sampras_0013.png
41,./aligned-images/Pete_Sampras/Pete_Sampras_0008.png
41,./aligned-images/Pete_Sampras/Pete_Sampras_0011.png
41,./aligned-images/Pete_Sampras/Pete_Sampras_0015.png
41,./aligned-images/Pete_Sampras/Pete_Sampras_0020.png
41,./aligned-images/Pete_Sampras/Pete_Sampras_0018.png
41,./aligned-images/Pete_Sampras/Pete_Sampras_0005.png
41,./aligned-images/Pete_Sampras/Pete_Sampras_0019.png
42,./aligned-images/Guillermo_Coria/Guillermo_Coria_0011.png
42,./aligned-images/Guillermo_Coria/Guillermo_Coria_0005.png
42,./aligned-images/Guillermo_Coria/Guillermo_Coria_0009.png
42,./aligned-images/Guillermo_Coria/Guillermo_Coria_0014.png
42,./aligned-images/Guillermo_Coria/Guillermo_Coria_0004.png
42,./aligned-images/Guillermo_Coria/Guillermo_Coria_0006.png
42,./aligned-images/Guillermo_Coria/Guillermo_Coria_0016.png
42,./aligned-images/Guillermo_Coria/Guillermo_Coria_0012.png
42,./aligned-images/Guillermo_Coria/Guillermo_Coria_0017.png
42,./aligned-images/Guillermo_Coria/Guillermo_Coria_0007.png
42,./aligned-images/Guillermo_Coria/Guillermo_Coria_0020.png
42,./aligned-images/Guillermo_Coria/Guillermo_Coria_0010.png
42,./aligned-images/Guillermo_Coria/Guillermo_Coria_0001.png
42,./aligned-images/Guillermo_Coria/Guillermo_Coria_0015.png
42,./aligned-images/Guillermo_Coria/Guillermo_Coria_0013.png
42,./aligned-images/Guillermo_Coria/Guillermo_Coria_0018.png
42,./aligned-images/Guillermo_Coria/Guillermo_Coria_0002.png
42,./aligned-images/Guillermo_Coria/Guillermo_Coria_0003.png
42,./aligned-images/Guillermo_Coria/Guillermo_Coria_0008.png
42,./aligned-images/Guillermo_Coria/Guillermo_Coria_0019.png
43,./aligned-images/Angelina_Jolie/Angelina_Jolie_0019.png
43,./aligned-images/Angelina_Jolie/Angelina_Jolie_0016.png
43,./aligned-images/Angelina_Jolie/Angelina_Jolie_0009.png
43,./aligned-images/Angelina_Jolie/Angelina_Jolie_0001.png
43,./aligned-images/Angelina_Jolie/Angelina_Jolie_0002.png
43,./aligned-images/Angelina_Jolie/Angelina_Jolie_0010.png
43,./aligned-images/Angelina_Jolie/Angelina_Jolie_0013.png
43,./aligned-images/Angelina_Jolie/Angelina_Jolie_0018.png
43,./aligned-images/Angelina_Jolie/Angelina_Jolie_0017.png
43,./aligned-images/Angelina_Jolie/Angelina_Jolie_0005.png
43,./aligned-images/Angelina_Jolie/Angelina_Jolie_0012.png
43,./aligned-images/Angelina_Jolie/Angelina_Jolie_0007.png
43,./aligned-images/Angelina_Jolie/Angelina_Jolie_0003.png
43,./aligned-images/Angelina_Jolie/Angelina_Jolie_0015.png
43,./aligned-images/Angelina_Jolie/Angelina_Jolie_0014.png
43,./aligned-images/Angelina_Jolie/Angelina_Jolie_0011.png
43,./aligned-images/Angelina_Jolie/Angelina_Jolie_0008.png
43,./aligned-images/Angelina_Jolie/Angelina_Jolie_0004.png
43,./aligned-images/Angelina_Jolie/Angelina_Jolie_0020.png
43,./aligned-images/Angelina_Jolie/Angelina_Jolie_0006.png
44,./aligned-images/Gray_Davis/Gray_Davis_0008.png
44,./aligned-images/Gray_Davis/Gray_Davis_0001.png
44,./aligned-images/Gray_Davis/Gray_Davis_0014.png
44,./aligned-images/Gray_Davis/Gray_Davis_0004.png
44,./aligned-images/Gray_Davis/Gray_Davis_0002.png
44,./aligned-images/Gray_Davis/Gray_Davis_0009.png
44,./aligned-images/Gray_Davis/Gray_Davis_0007.png
44,./aligned-images/Gray_Davis/Gray_Davis_0019.png
44,./aligned-images/Gray_Davis/Gray_Davis_0005.png
44,./aligned-images/Gray_Davis/Gray_Davis_0003.png
44,./aligned-images/Gray_Davis/Gray_Davis_0017.png
44,./aligned-images/Gray_Davis/Gray_Davis_0020.png
44,./aligned-images/Gray_Davis/Gray_Davis_0012.png
44,./aligned-images/Gray_Davis/Gray_Davis_0010.png
44,./aligned-images/Gray_Davis/Gray_Davis_0015.png
44,./aligned-images/Gray_Davis/Gray_Davis_0016.png
44,./aligned-images/Gray_Davis/Gray_Davis_0013.png
44,./aligned-images/Gray_Davis/Gray_Davis_0011.png
44,./aligned-images/Gray_Davis/Gray_Davis_0006.png
44,./aligned-images/Gray_Davis/Gray_Davis_0018.png
45,./aligned-images/Alvaro_Uribe/Alvaro_Uribe_0018.png
45,./aligned-images/Alvaro_Uribe/Alvaro_Uribe_0019.png
45,./aligned-images/Alvaro_Uribe/Alvaro_Uribe_0013.png
45,./aligned-images/Alvaro_Uribe/Alvaro_Uribe_0010.png
45,./aligned-images/Alvaro_Uribe/Alvaro_Uribe_0003.png
45,./aligned-images/Alvaro_Uribe/Alvaro_Uribe_0014.png
45,./aligned-images/Alvaro_Uribe/Alvaro_Uribe_0020.png
45,./aligned-images/Alvaro_Uribe/Alvaro_Uribe_0009.png
45,./aligned-images/Alvaro_Uribe/Alvaro_Uribe_0016.png
45,./aligned-images/Alvaro_Uribe/Alvaro_Uribe_0008.png
45,./aligned-images/Alvaro_Uribe/Alvaro_Uribe_0011.png
45,./aligned-images/Alvaro_Uribe/Alvaro_Uribe_0001.png
45,./aligned-images/Alvaro_Uribe/Alvaro_Uribe_0015.png
45,./aligned-images/Alvaro_Uribe/Alvaro_Uribe_0012.png
45,./aligned-images/Alvaro_Uribe/Alvaro_Uribe_0006.png
45,./aligned-images/Alvaro_Uribe/Alvaro_Uribe_0017.png
45,./aligned-images/Alvaro_Uribe/Alvaro_Uribe_0007.png
45,./aligned-images/Alvaro_Uribe/Alvaro_Uribe_0002.png
45,./aligned-images/Alvaro_Uribe/Alvaro_Uribe_0005.png
45,./aligned-images/Alvaro_Uribe/Alvaro_Uribe_0004.png
46,./aligned-images/Luiz_Inacio_Lula_da_Silva/Luiz_Inacio_Lula_da_Silva_0011.png
46,./aligned-images/Luiz_Inacio_Lula_da_Silva/Luiz_Inacio_Lula_da_Silva_0014.png
46,./aligned-images/Luiz_Inacio_Lula_da_Silva/Luiz_Inacio_Lula_da_Silva_0013.png
46,./aligned-images/Luiz_Inacio_Lula_da_Silva/Luiz_Inacio_Lula_da_Silva_0009.png
46,./aligned-images/Luiz_Inacio_Lula_da_Silva/Luiz_Inacio_Lula_da_Silva_0020.png
46,./aligned-images/Luiz_Inacio_Lula_da_Silva/Luiz_Inacio_Lula_da_Silva_0005.png
46,./aligned-images/Luiz_Inacio_Lula_da_Silva/Luiz_Inacio_Lula_da_Silva_0015.png
46,./aligned-images/Luiz_Inacio_Lula_da_Silva/Luiz_Inacio_Lula_da_Silva_0006.png
46,./aligned-images/Luiz_Inacio_Lula_da_Silva/Luiz_Inacio_Lula_da_Silva_0018.png
46,./aligned-images/Luiz_Inacio_Lula_da_Silva/Luiz_Inacio_Lula_da_Silva_0017.png
46,./aligned-images/Luiz_Inacio_Lula_da_Silva/Luiz_Inacio_Lula_da_Silva_0007.png
46,./aligned-images/Luiz_Inacio_Lula_da_Silva/Luiz_Inacio_Lula_da_Silva_0008.png
46,./aligned-images/Luiz_Inacio_Lula_da_Silva/Luiz_Inacio_Lula_da_Silva_0003.png
46,./aligned-images/Luiz_Inacio_Lula_da_Silva/Luiz_Inacio_Lula_da_Silva_0004.png
46,./aligned-images/Luiz_Inacio_Lula_da_Silva/Luiz_Inacio_Lula_da_Silva_0016.png
46,./aligned-images/Luiz_Inacio_Lula_da_Silva/Luiz_Inacio_Lula_da_Silva_0019.png
46,./aligned-images/Luiz_Inacio_Lula_da_Silva/Luiz_Inacio_Lula_da_Silva_0012.png
46,./aligned-images/Luiz_Inacio_Lula_da_Silva/Luiz_Inacio_Lula_da_Silva_0002.png
46,./aligned-images/Luiz_Inacio_Lula_da_Silva/Luiz_Inacio_Lula_da_Silva_0010.png
46,./aligned-images/Luiz_Inacio_Lula_da_Silva/Luiz_Inacio_Lula_da_Silva_0001.png
47,./aligned-images/Lleyton_Hewitt/Lleyton_Hewitt_0008.png
47,./aligned-images/Lleyton_Hewitt/Lleyton_Hewitt_0011.png
47,./aligned-images/Lleyton_Hewitt/Lleyton_Hewitt_0016.png
47,./aligned-images/Lleyton_Hewitt/Lleyton_Hewitt_0020.png
47,./aligned-images/Lleyton_Hewitt/Lleyton_Hewitt_0017.png
47,./aligned-images/Lleyton_Hewitt/Lleyton_Hewitt_0012.png
47,./aligned-images/Lleyton_Hewitt/Lleyton_Hewitt_0013.png
47,./aligned-images/Lleyton_Hewitt/Lleyton_Hewitt_0019.png
47,./aligned-images/Lleyton_Hewitt/Lleyton_Hewitt_0018.png
47,./aligned-images/Lleyton_Hewitt/Lleyton_Hewitt_0005.png
47,./aligned-images/Lleyton_Hewitt/Lleyton_Hewitt_0002.png
47,./aligned-images/Lleyton_Hewitt/Lleyton_Hewitt_0015.png
47,./aligned-images/Lleyton_Hewitt/Lleyton_Hewitt_0014.png
47,./aligned-images/Lleyton_Hewitt/Lleyton_Hewitt_0001.png
47,./aligned-images/Lleyton_Hewitt/Lleyton_Hewitt_0004.png
47,./aligned-images/Lleyton_Hewitt/Lleyton_Hewitt_0003.png
47,./aligned-images/Lleyton_Hewitt/Lleyton_Hewitt_0007.png
47,./aligned-images/Lleyton_Hewitt/Lleyton_Hewitt_0009.png
47,./aligned-images/Lleyton_Hewitt/Lleyton_Hewitt_0006.png
47,./aligned-images/Lleyton_Hewitt/Lleyton_Hewitt_0010.png
48,./aligned-images/Juan_Carlos_Ferrero/Juan_Carlos_Ferrero_0019.png
48,./aligned-images/Juan_Carlos_Ferrero/Juan_Carlos_Ferrero_0011.png
48,./aligned-images/Juan_Carlos_Ferrero/Juan_Carlos_Ferrero_0015.png
48,./aligned-images/Juan_Carlos_Ferrero/Juan_Carlos_Ferrero_0013.png
48,./aligned-images/Juan_Carlos_Ferrero/Juan_Carlos_Ferrero_0004.png
48,./aligned-images/Juan_Carlos_Ferrero/Juan_Carlos_Ferrero_0018.png
48,./aligned-images/Juan_Carlos_Ferrero/Juan_Carlos_Ferrero_0012.png
48,./aligned-images/Juan_Carlos_Ferrero/Juan_Carlos_Ferrero_0007.png
48,./aligned-images/Juan_Carlos_Ferrero/Juan_Carlos_Ferrero_0002.png
48,./aligned-images/Juan_Carlos_Ferrero/Juan_Carlos_Ferrero_0010.png
48,./aligned-images/Juan_Carlos_Ferrero/Juan_Carlos_Ferrero_0009.png
48,./aligned-images/Juan_Carlos_Ferrero/Juan_Carlos_Ferrero_0017.png
48,./aligned-images/Juan_Carlos_Ferrero/Juan_Carlos_Ferrero_0005.png
48,./aligned-images/Juan_Carlos_Ferrero/Juan_Carlos_Ferrero_0014.png
48,./aligned-images/Juan_Carlos_Ferrero/Juan_Carlos_Ferrero_0003.png
48,./aligned-images/Juan_Carlos_Ferrero/Juan_Carlos_Ferrero_0008.png
48,./aligned-images/Juan_Carlos_Ferrero/Juan_Carlos_Ferrero_0020.png
48,./aligned-images/Juan_Carlos_Ferrero/Juan_Carlos_Ferrero_0006.png
48,./aligned-images/Juan_Carlos_Ferrero/Juan_Carlos_Ferrero_0016.png
48,./aligned-images/Juan_Carlos_Ferrero/Juan_Carlos_Ferrero_0001.png
49,./aligned-images/Jean_Chretien/Jean_Chretien_0007.png
49,./aligned-images/Jean_Chretien/Jean_Chretien_0012.png
49,./aligned-images/Jean_Chretien/Jean_Chretien_0008.png
49,./aligned-images/Jean_Chretien/Jean_Chretien_0016.png
49,./aligned-images/Jean_Chretien/Jean_Chretien_0006.png
49,./aligned-images/Jean_Chretien/Jean_Chretien_0005.png
49,./aligned-images/Jean_Chretien/Jean_Chretien_0010.png
49,./aligned-images/Jean_Chretien/Jean_Chretien_0013.png
49,./aligned-images/Jean_Chretien/Jean_Chretien_0019.png
49,./aligned-images/Jean_Chretien/Jean_Chretien_0018.png
49,./aligned-images/Jean_Chretien/Jean_Chretien_0009.png
49,./aligned-images/Jean_Chretien/Jean_Chretien_0015.png
49,./aligned-images/Jean_Chretien/Jean_Chretien_0002.png
49,./aligned-images/Jean_Chretien/Jean_Chretien_0020.png
49,./aligned-images/Jean_Chretien/Jean_Chretien_0003.png
49,./aligned-images/Jean_Chretien/Jean_Chretien_0001.png
49,./aligned-images/Jean_Chretien/Jean_Chretien_0011.png
49,./aligned-images/Jean_Chretien/Jean_Chretien_0017.png
49,./aligned-images/Jean_Chretien/Jean_Chretien_0004.png
49,./aligned-images/Jean_Chretien/Jean_Chretien_0014.png
50,./aligned-images/Ariel_Sharon/Ariel_Sharon_0015.png
50,./aligned-images/Ariel_Sharon/Ariel_Sharon_0010.png
50,./aligned-images/Ariel_Sharon/Ariel_Sharon_0004.png
50,./aligned-images/Ariel_Sharon/Ariel_Sharon_0017.png
50,./aligned-images/Ariel_Sharon/Ariel_Sharon_0006.png
50,./aligned-images/Ariel_Sharon/Ariel_Sharon_0014.png
50,./aligned-images/Ariel_Sharon/Ariel_Sharon_0012.png
50,./aligned-images/Ariel_Sharon/Ariel_Sharon_0009.png
50,./aligned-images/Ariel_Sharon/Ariel_Sharon_0007.png
50,./aligned-images/Ariel_Sharon/Ariel_Sharon_0016.png
50,./aligned-images/Ariel_Sharon/Ariel_Sharon_0008.png
50,./aligned-images/Ariel_Sharon/Ariel_Sharon_0020.png
50,./aligned-images/Ariel_Sharon/Ariel_Sharon_0011.png
50,./aligned-images/Ariel_Sharon/Ariel_Sharon_0018.png
50,./aligned-images/Ariel_Sharon/Ariel_Sharon_0005.png
50,./aligned-images/Ariel_Sharon/Ariel_Sharon_0002.png
50,./aligned-images/Ariel_Sharon/Ariel_Sharon_0003.png
50,./aligned-images/Ariel_Sharon/Ariel_Sharon_0019.png
50,./aligned-images/Ariel_Sharon/Ariel_Sharon_0001.png
50,./aligned-images/Ariel_Sharon/Ariel_Sharon_0013.png
